{
  "MAX_SDF": 13.559326341882434,
  "MAX_ARENA_DIST": 59.55071414319406,
  "MAX_Z_DIFF": 6.0,
  "deepest_point": [
    -17.396053314208984,
    3.3106155395507812
  ],
  "max_dist_endpoints": [
    [
      -30.460411071777344,
      36.16416931152344
    ],
    [
      -6.533336639404297,
      -18.36823081970215
    ]
  ],
  "polygon_bounds": {
    "min_x": -31.146053314208984,
    "max_x": -3.4618968963623047,
    "min_y": -18.93938446044922,
    "max_y": 36.16416931152344
  }
}