{
  "polygon": [
    [
      -26.262165555285982,
      -17.85491128723057
    ],
    [
      -26.519746780395508,
      -17.848247528076172
    ],
    [
      -26.575016021728516,
      -17.845081329345703
    ],
    [
      -31.146053314208984,
      -9.20343017578125
    ],
    [
      -30.460411071777344,
      36.16416931152344
    ],
    [
      -25.633203506469727,
      33.59749984741211
    ],
    [
      -16.733919143676758,
      34.72686767578125
    ],
    [
      -14.460197448730469,
      31.673730850219727
    ],
    [
      -7.943691253662109,
      29.02940559387207
    ],
    [
      -3.4618968963623047,
      2.5829849243164062
    ],
    [
      -7.044750213623047,
      -10.248294830322266
    ],
    [
      -6.533336639404297,
      -18.36823081970215
    ],
    [
      -11.215062141418457,
      -18.93938446044922
    ],
    [
      -13.025508880615234,
      -18.86366844177246
    ],
    [
      -12.99185562133789,
      -18.531030654907227
    ],
    [
      -13.087784532460672,
      -18.346433864503833
    ],
    [
      -13.169976787457752,
      -18.27085820244113
    ],
    [
      -13.162740773447563,
      -18.27108809507095
    ],
    [
      -13.172673947209436,
      -18.268378167869386
    ],
    [
      -13.194428443908691,
      -18.248374938964844
    ],
    [
      -13.465182914354477,
      -18.188577086586488
    ],
    [
      -13.477317810058594,
      -18.185266494750977
    ],
    [
      -13.481662360142966,
      -18.184937495835076
    ],
    [
      -13.501495361328125,
      -18.180557250976562
    ],
    [
      -13.614335629367234,
      -18.17489057247225
    ],
    [
      -13.86666202545166,
      -18.15578269958496
    ],
    [
      -26.574661254882812,
      -17.845088958740234
    ],
    [
      -26.550857543945312,
      -17.845739364624023
    ],
    [
      -26.262165555285982,
      -17.85491128723057
    ]
  ],
  "resolution": 0.1,
  "padding": 10.0
}